{"type": "block", "layer": 1, "block": 240, "features": [{"geom": {"triangles": {"v": [14822.890608205518, -14763.537820070982, 0.0, 14822.546858205518, -14771.037820070982, 0.0, 14823.265608205518, -14771.037820070982, 0.0, 14826.328108205518, -14763.537820070982, 0.0, 14841.078108205518, -14774.037820070982, 0.0, 14841.734358205518, -14759.037820070982, 0.0, 14826.546858205518, -14758.037820070982, 0.0, 14823.140608205518, -14773.037820070982, 0.0], "f": [0, 1, 2, 0, 2, 3, 3, 2, 4, 3, 4, 5, 6, 3, 5, 2, 7, 4]}, "centroids": [[14832.656701757049, -14766.407860729843, 0.0]]}, "mtl": {"idx": 0}}, {"geom": {"triangles": {"v": [14857.796858205518, -14763.537820070982, 0.0, 14856.453108205518, -14766.537820070982, 0.0, 14862.484358205518, -14769.037820070982, 0.0, 14863.828108205518, -14765.537820070982, 0.0], "f": [0, 1, 2, 0, 2, 3]}, "centroids": [[14860.144907397276, -14766.16609056294, 0.0]]}, "mtl": {"idx": 0}}, {"geom": {"triangles": {"v": [14833.359358205518, -14714.537820070982, 0.0, 14831.921858205518, -14719.037820070982, 0.0, 14843.765608205518, -14722.537820070982, 0.0, 14845.171858205518, -14718.037820070982, 0.0], "f": [0, 1, 2, 0, 2, 3]}, "centroids": [[14838.559229930223, -14718.618008691818, 0.0]]}, "mtl": {"idx": 0}}, {"geom": {"triangles": {"v": [14805.609358205518, -14659.537820070982, 0.0, 14805.359358205518, -14664.537820070982, 0.0, 14809.671858205518, -14663.537820070982, 0.0, 14810.203108205518, -14659.537820070982, 0.0, 14814.671858205518, -14658.537820070982, 0.0, 14811.140608205518, -14669.037820070982, 0.0, 14826.703108205518, -14661.537820070982, 0.0, 14829.484358205518, -14670.037820070982, 0.0, 14829.921858205518, -14661.537820070982, 0.0, 14813.828108205518, -14655.037820070982, 0.0, 14816.046858205518, -14643.037820070982, 0.0, 14808.453108205518, -14642.537820070982, 0.0, 14807.828108205518, -14655.037820070982, 0.0, 14827.796858205518, -14639.537820070982, 0.0, 14816.109358205518, -14641.537820070982, 0.0, 14820.078108205518, -14630.037820070982, 0.0, 14812.359358205518, -14627.037820070982, 0.0, 14818.890608205518, -14625.537820070982, 0.0, 14826.359358205518, -14628.037820070982, 0.0, 14828.609358205518, -14628.537820070982, 0.0, 14834.078108205518, -14637.537820070982, 0.0, 14831.421858205518, -14627.537820070982, 0.0], "f": [0, 1, 2, 0, 2, 3, 4, 3, 2, 5, 4, 2, 5, 6, 4, 6, 5, 7, 7, 8, 6, 6, 9, 4, 10, 9, 6, 11, 9, 10, 11, 12, 9, 13, 10, 6, 13, 14, 10, 15, 14, 13, 16, 14, 15, 17, 16, 15, 18, 15, 13, 19, 18, 13, 19, 13, 20, 21, 19, 20]}, "centroids": [[14819.893803952204, -14648.928003316745, 0.0]]}, "mtl": {"idx": 0}}, {"geom": {"triangles": {"v": [14825.828108205518, -14612.537820070982, 0.0, 14826.109358205518, -14618.537820070982, 0.0, 14831.796858205518, -14612.537820070982, 0.0, 14832.078108205518, -14618.037820070982, 0.0], "f": [0, 1, 2, 2, 1, 3]}, "centroids": [[14828.96243337571, -14615.309338895604, 0.0]]}, "mtl": {"idx": 0}}, {"geom": {"triangles": {"v": [14940.453108205518, -14555.037820070982, 0.0, 14944.078108205518, -14563.037820070982, 0.0, 14946.640608205518, -14552.037820070982, 0.0, 14950.265608205518, -14560.037820070982, 0.0], "f": [0, 1, 2, 2, 1, 3]}, "centroids": [[14945.354800305562, -14557.488081857562, 0.0]]}, "mtl": {"idx": 0}}, {"geom": {"triangles": {"v": [15318.640608205518, -14472.537820070982, 0.0, 15317.203108205518, -14479.537820070982, 0.0, 15326.078108205518, -14481.537820070982, 0.0, 15327.546858205518, -14474.537820070982, 0.0], "f": [0, 1, 2, 0, 2, 3]}, "centroids": [[15322.372308152786, -14477.015867704526, 0.0]]}, "mtl": {"idx": 0}}, {"geom": {"triangles": {"v": [14453.921858205518, -14461.037820070982, 0.0, 14452.453108205518, -14465.037820070982, 0.0, 14454.671858205518, -14465.537820070982, 0.0, 14462.171858205518, -14464.037820070982, 0.0, 14461.078108205518, -14467.037820070982, 0.0, 14452.484358205518, -14471.037820070982, 0.0, 14464.921858205518, -14476.037820070982, 0.0, 14467.484358205518, -14469.537820070982, 0.0], "f": [0, 1, 2, 3, 0, 2, 3, 2, 4, 2, 5, 4, 4, 5, 6, 4, 6, 7]}, "centroids": [[14459.332022680086, -14468.890510320663, 0.0]]}, "mtl": {"idx": 0}}, {"geom": {"triangles": {"v": [14411.671858205518, -14448.537820070982, 0.0, 14411.296858205518, -14458.037820070982, 0.0, 14420.015608205518, -14458.537820070982, 0.0, 14420.390608205518, -14448.537820070982, 0.0], "f": [0, 1, 2, 0, 2, 3]}, "centroids": [[14415.847943765228, -14453.331850048155, 0.0]]}, "mtl": {"idx": 0}}, {"geom": {"triangles": {"v": [15332.046858205518, -14430.537820070982, 0.0, 15325.765608205518, -14451.037820070982, 0.0, 15333.984358205518, -14453.537820070982, 0.0, 15340.265608205518, -14433.037820070982, 0.0], "f": [0, 1, 2, 0, 2, 3]}, "centroids": [[15333.00725938537, -14441.967290424742, 0.0]]}, "mtl": {"idx": 0}}, {"geom": {"triangles": {"v": [14997.765608205518, -14411.037820070982, 0.0, 14992.328108205518, -14420.537820070982, 0.0, 15003.046858205518, -14414.037820070982, 0.0, 15004.828108205518, -14427.537820070982, 0.0, 15008.140608205518, -14414.037820070982, 0.0, 15006.046858205518, -14408.537820070982, 0.0, 15010.109358205518, -14410.537820070982, 0.0, 15011.296858205518, -14416.037820070982, 0.0], "f": [0, 1, 2, 2, 1, 3, 4, 2, 3, 5, 2, 4, 5, 4, 6, 4, 3, 7]}, "centroids": [[15002.371583787666, -14418.065947768278, 0.0]]}, "mtl": {"idx": 0}}, {"geom": {"triangles": {"v": [14987.140608205518, -14407.537820070982, 0.0, 14983.265608205518, -14414.537820070982, 0.0, 14992.328108205518, -14419.537820070982, 0.0, 14996.203108205518, -14412.037820070982, 0.0], "f": [0, 1, 2, 0, 2, 3]}, "centroids": [[14989.737522647949, -14413.331828235649, 0.0]]}, "mtl": {"idx": 0}}, {"geom": {"triangles": {"v": [14975.609358205518, -14393.537820070982, 0.0, 14973.921858205518, -14402.037820070982, 0.0, 14978.953108205518, -14394.037820070982, 0.0, 14982.828108205518, -14404.037820070982, 0.0, 14985.328108205518, -14391.037820070982, 0.0, 14979.765608205518, -14389.537820070982, 0.0], "f": [0, 1, 2, 2, 1, 3, 2, 3, 4, 5, 2, 4]}, "centroids": [[14979.887694574893, -14397.17017191276, 0.0]]}, "mtl": {"idx": 0}}, {"geom": {"triangles": {"v": [15184.421858205518, -14264.037820070982, 0.0, 15176.140608205518, -14264.037820070982, 0.0, 15184.453108205518, -14275.037820070982, 0.0, 15176.171858205518, -14275.037820070982, 0.0], "f": [0, 1, 2, 2, 1, 3]}, "centroids": [[15180.299409117142, -14269.59377811104, 0.0]]}, "mtl": {"idx": 0}}, {"geom": {"triangles": {"v": [15044.765608205518, -14230.537820070982, 0.0, 15058.796858205518, -14237.537820070982, 0.0, 15071.796858205518, -14228.037820070982, 0.0, 15046.203108205518, -14246.037820070982, 0.0, 15059.453108205518, -14244.537820070982, 0.0, 15072.578108205518, -14236.537820070982, 0.0], "f": [0, 1, 2, 0, 3, 1, 1, 3, 4, 2, 1, 5]}, "centroids": [[15056.873240235844, -14235.896328390576, 0.0]]}, "mtl": {"idx": 0}}, {"geom": {"triangles": {"v": [15117.140608205518, -14188.537820070982, 0.0, 15098.171858205518, -14194.037820070982, 0.0, 15112.515608205518, -14200.537820070982, 0.0, 15120.828108205518, -14201.037820070982, 0.0, 15113.296858205518, -14203.537820070982, 0.0, 15101.046858205518, -14204.037820070982, 0.0], "f": [0, 1, 2, 0, 2, 3, 2, 4, 3, 1, 5, 2]}, "centroids": [[15109.843952053867, -14196.710831100121, 0.0]]}, "mtl": {"idx": 0}}, {"geom": {"triangles": {"v": [20068.73435820552, -15107.037820070982, 0.0, 20072.54685820552, -15118.537820070982, 0.0, 20073.82810820552, -15105.037820070982, 0.0, 20077.64060820552, -15117.037820070982, 0.0], "f": [0, 1, 2, 2, 1, 3]}, "centroids": [[20073.18825991213, -15111.848907469772, 0.0]]}, "mtl": {"idx": 0}}, {"geom": {"triangles": {"v": [20032.48435820552, -15092.537820070982, 0.0, 20032.35935820552, -15098.037820070982, 0.0, 20043.07810820552, -15098.537820070982, 0.0, 20043.17185820552, -15093.037820070982, 0.0], "f": [0, 1, 2, 0, 2, 3]}, "centroids": [[20037.772675610846, -15095.499157922342, 0.0]]},