{"type": "block", "layer": 1, "block": 402, "features": [{"geom": {"triangles": {"v": [31400.29685820552, -16945.037820070982, 0.0, 31395.64060820552, -16951.537820070982, 0.0, 31400.54685820552, -16955.037820070982, 0.0, 31405.17185820552, -16948.037820070982, 0.0], "f": [0, 1, 2, 0, 2, 3]}, "centroids": [[31400.409442790027, -16949.91730439756, 0.0]]}, "mtl": {"idx": 0}}, {"geom": {"triangles": {"v": [32113.98435820552, -17989.537820070982, 0.0, 32113.45310820552, -17999.037820070982, 0.0, 32121.01560820552, -17999.537820070982, 0.0, 32121.57810820552, -17990.037820070982, 0.0], "f": [0, 1, 2, 0, 2, 3]}, "centroids": [[32117.50346831273, -17994.589336134493, 0.0]]}, "mtl": {"idx": 0}}, {"geom": {"triangles": {"v": [32129.26560820552, -17976.037820070982, 0.0, 32117.60935820552, -17977.037820070982, 0.0, 32118.07810820552, -17982.537820070982, 0.0, 32129.73435820552, -17981.537820070982, 0.0], "f": [0, 1, 2, 3, 0, 2]}, "centroids": [[32123.669433586183, -17979.302125487477, 0.0]]}, "mtl": {"idx": 0}}, {"geom": {"triangles": {"v": [32426.23435820552, -17864.537820070982, 0.0, 32419.29685820552, -17867.037820070982, 0.0, 32421.60935820552, -17873.037820070982, 0.0, 32436.23435820552, -17872.037820070982, 0.0, 32431.29685820552, -17864.037820070982, 0.0, 32437.04685820552, -17866.537820070982, 0.0, 32436.60935820552, -17860.537820070982, 0.0, 32431.17185820552, -17863.037820070982, 0.0, 32430.39060820552, -17863.037820070982, 0.0, 32440.73435820552, -17861.537820070982, 0.0, 32440.57810820552, -17860.037820070982, 0.0, 32442.32810820552, -17866.037820070982, 0.0, 32437.48435820552, -17871.037820070982, 0.0, 32440.26560820552, -17870.537820070982, 0.0, 32443.29685820552, -17871.537820070982, 0.0, 32442.64060820552, -17870.037820070982, 0.0, 32421.70310820552, -17874.037820070982, 0.0, 32436.57810820552, -17875.537820070982, 0.0, 32432.20310820552, -17882.537820070982, 0.0, 32426.79685820552, -17887.537820070982, 0.0, 32432.48435820552, -17885.537820070982, 0.0, 32436.92185820552, -17882.037820070982, 0.0, 32439.79685820552, -17875.537820070982, 0.0, 32444.76560820552, -17879.537820070982, 0.0, 32442.29685820552, -17874.537820070982, 0.0, 32444.26560820552, -17874.037820070982, 0.0], "f": [0, 1, 2, 0, 2, 3, 0, 3, 4, 5, 4, 3, 6, 4, 5, 7, 4, 6, 8, 7, 6, 6, 5, 9, 10, 6, 9, 9, 5, 11, 5, 3, 12, 13, 12, 3, 14, 13, 3, 15, 13, 14, 2, 16, 3, 3, 16, 17, 16, 18, 17, 16, 19, 18, 18, 19, 20, 17, 18, 21, 22, 17, 21, 23, 22, 21, 24, 22, 23, 25, 24, 23]}, "centroids": [[32431.767712583707, -17873.318821666762, 0.0]]}, "mtl": {"idx": 0}}, {"geom": {"triangles": {"v": [32114.29685820552, -17583.537820070982, 0.0, 32110.57810820552, -17597.537820070982, 0.0, 32123.07810820552, -17601.037820070982, 0.0, 32126.79685820552, -17586.537820070982, 0.0], "f": [0, 1, 2, 0, 2, 3]}, "centroids": [[32118.68407765834, -17592.15802146308, 0.0]]}, "mtl": {"idx": 0}}, {"geom": {"triangles": {"v": [33607.17185820552, -16520.537820070982, 0.0, 33592.89060820552, -16520.537820070982, 0.0, 33607.26560820552, -16527.037820070982, 0.0, 33592.98435820552, -16527.537820070982, 0.0], "f": [0, 1, 2, 2, 1, 3]}, "centroids": [[33600.07320908719, -16523.86143768765, 0.0]]}, "mtl": {"idx": 0}}, {"geom": {"triangles": {"v": [31182.20310820552, -14151.537820070982, 0.0, 31169.45310820552, -14158.037820070982, 0.0, 31175.98435820552, -14164.537820070982, 0.0, 31187.67185820552, -14161.537820070982, 0.0, 31177.42185820552, -14167.037820070982, 0.0, 31173.48435820552, -14165.537820070982, 0.0], "f": [0, 1, 2, 0, 2, 3, 3, 2, 4, 1, 5, 2]}, "centroids": [[31178.729884177155, -14159.456895047799, 0.0]]}, "mtl": {"idx": 0}}, {"geom": {"triangles": {"v": [31164.10935820552, -14118.037820070982, 0.0, 31167.64060820552, -14125.537820070982, 0.0, 31175.98435820552, -14112.537820070982, 0.0, 31179.51560820552, -14120.037820070982, 0.0], "f": [0, 1, 2, 2, 1, 3]}, "centroids": [[31171.810896885698, -14118.899728041142, 0.0]]}, "mtl": {"idx": 0}}, {"geom": {"triangles": {"v": [31601.29685820552, -14140.037820070982, 0.0, 31604.39060820552, -14149.537820070982, 0.0, 31626.45310820552, -14131.537820070982, 0.0, 31629.54685820552, -14141.037820070982, 0.0], "f": [0, 1, 2, 2, 1, 3]}, "centroids": [[31615.42045209842, -14140.499766430818, 0.0]]}, "mtl": {"idx": 0}}, {"geom": {"triangles": {"v": [31369.54685820552, -13504.037820070982, 0.0, 31372.85935820552, -13512.037820070982, 0.0, 31394.48435820552, -13493.537820070982, 0.0, 31397.82810820552, -13501.537820070982, 0.0], "f": [0, 1, 2, 2, 1, 3]}, "centroids": [[31383.676106667845, -13502.810348735191, 0.0]]}, "mtl": {"idx": 0}}, {"geom": {"triangles": {"v": [33202.85935820552, -14567.537820070982, 0.0, 33200.17185820552, -14580.537820070982, 0.0, 33218.89060820552, -14584.537820070982, 0.0, 33221.54685820552, -14571.537820070982, 0.0], "f": [0, 1, 2, 0, 2, 3]}, "centroids": [[33210.86176780349, -14576.012261296622, 0.0]]}, "mtl": {"idx": 0}}, {"geom": {"triangles": {"v": [33268.45310820552, -14553.037820070982, 0.0, 33264.23435820552, -14542.037820070982, 0.0, 33261.64060820552, -14558.537820070982, 0.0, 33277.48435820552, -14544.037820070982, 0.0, 33275.89060820552, -14554.037820070982, 0.0, 33267.48435820552, -14559.037820070982, 0.0], "f": [0, 1, 2, 3, 1, 0, 3, 0, 4, 0, 2, 5]}, "centroids": [[33268.977712450316, -14549.708323611878, 0.0]]}, "mtl": {"idx": 0}}, {"geom": {"triangles": {"v": [33368.23435820552, -14312.037820070982, 0.0, 33366.45310820552, -14321.037820070982, 0.0, 33378.29685820552, -14323.537820070982, 0.0, 33380.07810820552, -14314.537820070982, 0.0], "f": [0, 1, 2, 0, 2, 3]}, "centroids": [[33373.25795069372, -14317.815408068709, 0.0]]}, "mtl": {"idx": 0}}, {"geom": {"triangles": {"v": [33386.70310820552, -14315.537820070982, 0.0, 33384.89060820552, -14324.537820070982, 0.0, 33393.35935820552, -14317.037820070982, 0.0, 33397.76560820552, -14327.037820070982, 0.0, 33399.92185820552, -14316.537820070982, 0.0, 33393.70310820552, -14315.037820070982, 0.0], "f": [0, 1, 2, 2, 1, 3, 2, 3, 4, 5, 2, 4]}, "centroids": [[33392.61162351846, -14320.888319361955, 0.0]]}, "mtl": {"idx": 0}}, {"geom": {"triangles": {"v": [33706.35935820552, -14192.037820070982, 0.0, 33712.95310820552, -14219.537820070982, 0.0, 33717.45310820552, -14189.037820070982, 0.0, 33724.04685820552, -14217.037820070982, 0.0], "f": [0, 1, 2, 2, 1, 3]}, "centroids": [[33715.198528445966, -14204.37719366327, 0.0]]}, "mtl": {"idx": 0}}, {"geom": {"triangles": {"v": [30716.23435820552, -12777.037820070982, 0.0, 30707.51560820552, -12781.537820070982, 0.0, 30718.29685820552, -12802.037820070982, 0.0, 30727.04685820552, -12797.037820070982, 0.0], "f": [0, 1, 2, 0, 2, 3]}, "centroids": [[30717.271884715534, -12789.480057420209, 0.0]]}, "mtl": {"idx": 0}}, {"geom": {"triangles": {"v": [31356.45310820552, -11884.037820070982, 0.0, 31345.79685820552, -11884.537820070982, 0.0, 31356.70310820552, -11892.537820070982, 0.0, 31346.04685820552, -11892.537820070982, 0.0], "f": [0, 1, 2, 1, 3, 2]}, "centroids": [[31351.254082261177, -11888.435205576941, 0.0]]}, "mtl": {"idx": 0}}, {"geom": {"triangles": {"v": [31347.95310820552, -11882.037820070982, 0.0, 31348.01560820552, -11884.037820070982, 0.0, 31352.07810820552, -11882.037820070982, 0.0, 31352.14060820552, -11884.037820070982, 0.0], "f": [0, 1, 2, 2, 1, 3]}, "centroids": [[31350.044958049722, -11883.05604995042, 0.0]]}, "mtl": {"idx": 0}}, {"geom": {"triangles": {"v": [31347.98435820552, -11877.037820070982, 0.0, 31347.85935820552, -11881.537820070982, 0.0, 31352.10935820552, -11877.537820070982, 0.0, 31360.73435820552, -11882.037820070982, 0.0, 31360.98435820552, -11873.537820070982, 0.0, 31352.26560820552, -11873.037820070982, 0.0], "f": [0, 1, 2, 2, 1, 3, 2, 3, 4, 5, 2, 4]}, "centroids": [[31355.253153059515, -11877.865685855038, 0.0]]},